cluster,n_users,avg_reviews,avg_rating,rating_variability,avg_active_years
0,23501,1.0028509425130845,1.8280925,0.0,1.0
1,14699,1.0,4.0,0.0,1.0
2,1846,2.199349945828819,3.2684479,2.039434276715282,1.8781148429035752
3,2155,2.7587006960556844,4.1274624,0.729481102784473,4.88538283062645
4,4895,2.1873340143003066,4.552987,0.21987351082609322,1.5667007150153218
5,52904,1.0,5.0,0.0,1.0
